<metadata xml:lang="es"><Esri><CreaDate>20240316</CreaDate><CreaTime>12171900</CreaTime><ArcGISFormat>1.0</ArcGISFormat><SyncOnce>FALSE</SyncOnce><DataProperties><lineage><Process ToolSource="c:\program files (x86)\arcgis\desktop10.8\ArcToolbox\Toolboxes\Data Management Tools.tbx\CalculateField" Date="20200724" Time="183519">CalculateField "Barrio Legalizado" RESPONSABLE 554 VB #</Process><Process ToolSource="c:\program files (x86)\arcgis\desktop10.8\ArcToolbox\Toolboxes\Data Management Tools.tbx\CalculateField" Date="20200724" Time="183548">CalculateField "Barrio Legalizado" FECHA_CAPTURA "16/07/2020" VB #</Process><Process ToolSource="c:\program files (x86)\arcgis\desktop10.8\ArcToolbox\Toolboxes\Data Management Tools.tbx\CalculateField" Date="20200724" Time="183602">CalculateField "Barrio Legalizado" CODIGO_ID [OBJECTID] VB #</Process><Process ToolSource="c:\program files (x86)\arcgis\desktop10.8\ArcToolbox\Toolboxes\Data Management Tools.tbx\CalculateField" Date="20210506" Time="082025">CalculateField "Barrio Legalizado" CODIGO_ID [OBJECTID] VB #</Process><Process ToolSource="c:\program files (x86)\arcgis\desktop10.8\ArcToolbox\Toolboxes\Data Management Tools.tbx\AlterField" Date="20230502" Time="205002">AlterField "Database Connections\03 PRODUCCION EDICION 11 - ADMBDG@GEODATAC.sde\ADMBDG.Barrio_legalizado" FECHA_CAPTURA FECHA_CAPTURA "Fecha Actualización" DATE 8 NULLABLE false</Process><Process ToolSource="c:\program files\arcgis\pro\Resources\ArcToolbox\toolboxes\Data Management Tools.tbx\DeleteRows" Date="20230815" Time="160313">DeleteRows "Barrio Legalizado"</Process><Process ToolSource="c:\program files\arcgis\pro\Resources\ArcToolbox\toolboxes\Data Management Tools.tbx\Append" Date="20230815" Time="160947">Append R:\DATOS\1_PASO_A_PRODUCCION\9b_Legalizacion_informacion.gdb\Legalizacion\Barrio_legalizado "C:\Users\aramirez\AppData\Roaming\Esri\ArcGISPro\Favorites\sde (1).sde\ADMBDG.Legalizacion\ADMBDG.Barrio_legalizado" "Use the field map to reconcile field differences" "CODIGO_ID "Identificador Único" true true false 10 Text 0 0,First,#,R:\DATOS\1_PASO_A_PRODUCCION\9b_Legalizacion_informacion.gdb\Legalizacion\Barrio_legalizado,CODIGO_ID,0,10;NOMBRE "Nombre Legalizado" true true false 250 Text 0 0,First,#,R:\DATOS\1_PASO_A_PRODUCCION\9b_Legalizacion_informacion.gdb\Legalizacion\Barrio_legalizado,NOMBRE,0,250;ESTADO "Estado Legalizado" true true false 2 Short 0 5,First,#,R:\DATOS\1_PASO_A_PRODUCCION\9b_Legalizacion_informacion.gdb\Legalizacion\Barrio_legalizado,ESTADO,-1,-1;LLAVE_PLANO "Llave Plano" true true false 10 Text 0 0,First,#,R:\DATOS\1_PASO_A_PRODUCCION\9b_Legalizacion_informacion.gdb\Legalizacion\Barrio_legalizado,LLAVE_PLANO,0,10;LLAVE_ACTUACION "Llave Actuación" true true false 17 Text 0 0,First,#,R:\DATOS\1_PASO_A_PRODUCCION\9b_Legalizacion_informacion.gdb\Legalizacion\Barrio_legalizado,LLAVE_ACTUACION,0,17;ACTO_ADMINISTRATIVO "Acto Administrativo" true true false 4 Text 0 0,First,#,R:\DATOS\1_PASO_A_PRODUCCION\9b_Legalizacion_informacion.gdb\Legalizacion\Barrio_legalizado,ACTO_ADMINISTRATIVO,0,4;NUMERO_ACTO_ADMINISTRATIVO "Número Acto Administrativo" true true false 10 Text 0 0,First,#,R:\DATOS\1_PASO_A_PRODUCCION\9b_Legalizacion_informacion.gdb\Legalizacion\Barrio_legalizado,NUMERO_ACTO_ADMINISTRATIVO,0,10;FECHA_ACTO_ADMINISTRATIVO "Fecha Acto Administrativo" true true false 8 Date 0 0,First,#,R:\DATOS\1_PASO_A_PRODUCCION\9b_Legalizacion_informacion.gdb\Legalizacion\Barrio_legalizado,FECHA_ACTO_ADMINISTRATIVO,-1,-1;NUMERO_PLANO "Número Plano" true true false 50 Text 0 0,First,#,R:\DATOS\1_PASO_A_PRODUCCION\9b_Legalizacion_informacion.gdb\Legalizacion\Barrio_legalizado,NUMERO_PLANO,0,50;AREA_TOTAL "Área Total" true true false 8 Double 8 38,First,#,R:\DATOS\1_PASO_A_PRODUCCION\9b_Legalizacion_informacion.gdb\Legalizacion\Barrio_legalizado,AREA_TOTAL,-1,-1;LOTES_TOTAL "Lotes Total" true true false 8 Double 8 38,First,#,R:\DATOS\1_PASO_A_PRODUCCION\9b_Legalizacion_informacion.gdb\Legalizacion\Barrio_legalizado,LOTES_TOTAL,-1,-1;POBLACION_ESTIMADA "Población Estimada" true true false 8 Double 8 38,First,#,R:\DATOS\1_PASO_A_PRODUCCION\9b_Legalizacion_informacion.gdb\Legalizacion\Barrio_legalizado,POBLACION_ESTIMADA,-1,-1;DENSIDAD "Densidad" true true false 8 Double 8 38,First,#,R:\DATOS\1_PASO_A_PRODUCCION\9b_Legalizacion_informacion.gdb\Legalizacion\Barrio_legalizado,DENSIDAD,-1,-1;AREAS_ZVC "Área ZVC" true true false 8 Double 8 38,First,#,R:\DATOS\1_PASO_A_PRODUCCION\9b_Legalizacion_informacion.gdb\Legalizacion\Barrio_legalizado,AREAS_ZVC,-1,-1;OBSERVACIONES "Observaciones" true true false 255 Text 0 0,First,#,R:\DATOS\1_PASO_A_PRODUCCION\9b_Legalizacion_informacion.gdb\Legalizacion\Barrio_legalizado,OBSERVACIONES,0,255;CODIGO_UPZ "Código Unidad Planeamiento Zonal" true true false 4 Long 0 10,First,#,R:\DATOS\1_PASO_A_PRODUCCION\9b_Legalizacion_informacion.gdb\Legalizacion\Barrio_legalizado,CODIGO_UPZ,-1,-1;CODIGO_LOCALIDAD "Código Localidad" true true false 10 Text 0 0,First,#,R:\DATOS\1_PASO_A_PRODUCCION\9b_Legalizacion_informacion.gdb\Legalizacion\Barrio_legalizado,CODIGO_LOCALIDAD,0,10;REGLAMENTACION "Reglamentación" true true false 20 Text 0 0,First,#,R:\DATOS\1_PASO_A_PRODUCCION\9b_Legalizacion_informacion.gdb\Legalizacion\Barrio_legalizado,REGLAMENTACION,0,20;ESCALA_CAPTURA "Escala Captura" true true false 10 Text 0 0,First,#,R:\DATOS\1_PASO_A_PRODUCCION\9b_Legalizacion_informacion.gdb\Legalizacion\Barrio_legalizado,ESCALA_CAPTURA,0,10;FECHA_CAPTURA "Fecha Actualización" true true false 8 Date 0 0,First,#,R:\DATOS\1_PASO_A_PRODUCCION\9b_Legalizacion_informacion.gdb\Legalizacion\Barrio_legalizado,FECHA_CAPTURA,-1,-1;RESPONSABLE "Responsable" true true false 4 Text 0 0,First,#,R:\DATOS\1_PASO_A_PRODUCCION\9b_Legalizacion_informacion.gdb\Legalizacion\Barrio_legalizado,RESPONSABLE,0,4;CODIGO_UPL "Código de UPL" true true false 20 Text 0 0,First,#,R:\DATOS\1_PASO_A_PRODUCCION\9b_Legalizacion_informacion.gdb\Legalizacion\Barrio_legalizado,CODIGO_UPL,0,20" # # # NOT_UPDATE_GEOMETRY</Process><Process ToolSource="c:\program files\arcgis\pro\Resources\ArcToolbox\toolboxes\Data Management Tools.tbx\Append" Date="20230830" Time="081127">Append R:\DATOS\4_TEMPO_TAREAS\5_MANTENIMIENTO_BDG\PROYECTO_FASE_2023\ESTRUCTURADO\SubdireccionMejoramientoIntegral\_Legalizado.gdb\dos_legalizados_agost "C:\Users\aramirez\AppData\Roaming\Esri\ArcGISPro\Favorites\sde (1).sde\ADMBDG.Legalizacion\ADMBDG.Barrio_legalizado" "Use the field map to reconcile field differences" "CODIGO_ID "Identificador Único" true true false 10 Text 0 0,First,#;NOMBRE "Nombre Legalizado" true true false 250 Text 0 0,First,#,R:\DATOS\4_TEMPO_TAREAS\5_MANTENIMIENTO_BDG\PROYECTO_FASE_2023\ESTRUCTURADO\SubdireccionMejoramientoIntegral\_Legalizado.gdb\dos_legalizados_agost,NOMBRE,0,250;ESTADO "Estado Legalizado" true true false 2 Short 0 5,First,#,R:\DATOS\4_TEMPO_TAREAS\5_MANTENIMIENTO_BDG\PROYECTO_FASE_2023\ESTRUCTURADO\SubdireccionMejoramientoIntegral\_Legalizado.gdb\dos_legalizados_agost,ESTADO,-1,-1;LLAVE_PLANO "Llave Plano" true true false 10 Text 0 0,First,#,R:\DATOS\4_TEMPO_TAREAS\5_MANTENIMIENTO_BDG\PROYECTO_FASE_2023\ESTRUCTURADO\SubdireccionMejoramientoIntegral\_Legalizado.gdb\dos_legalizados_agost,LLAVE_PLAN,0,10;LLAVE_ACTUACION "Llave Actuación" true true false 17 Text 0 0,First,#;ACTO_ADMINISTRATIVO "Acto Administrativo" true true false 4 Text 0 0,First,#,R:\DATOS\4_TEMPO_TAREAS\5_MANTENIMIENTO_BDG\PROYECTO_FASE_2023\ESTRUCTURADO\SubdireccionMejoramientoIntegral\_Legalizado.gdb\dos_legalizados_agost,ACTO_ADM,0,3;NUMERO_ACTO_ADMINISTRATIVO "Número Acto Administrativo" true true false 10 Text 0 0,First,#,R:\DATOS\4_TEMPO_TAREAS\5_MANTENIMIENTO_BDG\PROYECTO_FASE_2023\ESTRUCTURADO\SubdireccionMejoramientoIntegral\_Legalizado.gdb\dos_legalizados_agost,No_ACTO_AD,0,10;FECHA_ACTO_ADMINISTRATIVO "Fecha Acto Administrativo" true true false 8 Date 0 0,First,#,R:\DATOS\4_TEMPO_TAREAS\5_MANTENIMIENTO_BDG\PROYECTO_FASE_2023\ESTRUCTURADO\SubdireccionMejoramientoIntegral\_Legalizado.gdb\dos_legalizados_agost,FECHA_ACTO,-1,-1;NUMERO_PLANO "Número Plano" true true false 50 Text 0 0,First,#,R:\DATOS\4_TEMPO_TAREAS\5_MANTENIMIENTO_BDG\PROYECTO_FASE_2023\ESTRUCTURADO\SubdireccionMejoramientoIntegral\_Legalizado.gdb\dos_legalizados_agost,NUMERO_PLA,0,20;AREA_TOTAL "Área Total" true true false 8 Double 8 38,First,#,R:\DATOS\4_TEMPO_TAREAS\5_MANTENIMIENTO_BDG\PROYECTO_FASE_2023\ESTRUCTURADO\SubdireccionMejoramientoIntegral\_Legalizado.gdb\dos_legalizados_agost,AREA_TOTAL,-1,-1;LOTES_TOTAL "Lotes Total" true true false 8 Double 8 38,First,#,R:\DATOS\4_TEMPO_TAREAS\5_MANTENIMIENTO_BDG\PROYECTO_FASE_2023\ESTRUCTURADO\SubdireccionMejoramientoIntegral\_Legalizado.gdb\dos_legalizados_agost,TOTAL_LOTE,-1,-1;POBLACION_ESTIMADA "Población Estimada" true true false 8 Double 8 38,First,#,R:\DATOS\4_TEMPO_TAREAS\5_MANTENIMIENTO_BDG\PROYECTO_FASE_2023\ESTRUCTURADO\SubdireccionMejoramientoIntegral\_Legalizado.gdb\dos_legalizados_agost,POBLACION_,-1,-1;DENSIDAD "Densidad" true true false 8 Double 8 38,First,#,R:\DATOS\4_TEMPO_TAREAS\5_MANTENIMIENTO_BDG\PROYECTO_FASE_2023\ESTRUCTURADO\SubdireccionMejoramientoIntegral\_Legalizado.gdb\dos_legalizados_agost,DENSIDAD,-1,-1;AREAS_ZVC "Área ZVC" true true false 8 Double 8 38,First,#,R:\DATOS\4_TEMPO_TAREAS\5_MANTENIMIENTO_BDG\PROYECTO_FASE_2023\ESTRUCTURADO\SubdireccionMejoramientoIntegral\_Legalizado.gdb\dos_legalizados_agost,AREAS_ZV,-1,-1;OBSERVACIONES "Observaciones" true true false 255 Text 0 0,First,#,R:\DATOS\4_TEMPO_TAREAS\5_MANTENIMIENTO_BDG\PROYECTO_FASE_2023\ESTRUCTURADO\SubdireccionMejoramientoIntegral\_Legalizado.gdb\dos_legalizados_agost,OBSERVACIO,0,250;CODIGO_UPZ "Código Unidad Planeamiento Zonal" true true false 4 Long 0 10,First,#,R:\DATOS\4_TEMPO_TAREAS\5_MANTENIMIENTO_BDG\PROYECTO_FASE_2023\ESTRUCTURADO\SubdireccionMejoramientoIntegral\_Legalizado.gdb\dos_legalizados_agost,CODIGO_UPZ,-1,-1;CODIGO_LOCALIDAD "Código Localidad" true true false 10 Text 0 0,First,#,R:\DATOS\4_TEMPO_TAREAS\5_MANTENIMIENTO_BDG\PROYECTO_FASE_2023\ESTRUCTURADO\SubdireccionMejoramientoIntegral\_Legalizado.gdb\dos_legalizados_agost,No_LOC,0,2;REGLAMENTACION "Reglamentación" true true false 20 Text 0 0,First,#;ESCALA_CAPTURA "Escala Captura" true true false 10 Text 0 0,First,#,R:\DATOS\4_TEMPO_TAREAS\5_MANTENIMIENTO_BDG\PROYECTO_FASE_2023\ESTRUCTURADO\SubdireccionMejoramientoIntegral\_Legalizado.gdb\dos_legalizados_agost,ESCALA_CAPTURA,0,10;FECHA_CAPTURA "Fecha Actualización" true true false 8 Date 0 0,First,#,R:\DATOS\4_TEMPO_TAREAS\5_MANTENIMIENTO_BDG\PROYECTO_FASE_2023\ESTRUCTURADO\SubdireccionMejoramientoIntegral\_Legalizado.gdb\dos_legalizados_agost,FECHA_CAPTURA,-1,-1;RESPONSABLE "Responsable" true true false 4 Text 0 0,First,#,R:\DATOS\4_TEMPO_TAREAS\5_MANTENIMIENTO_BDG\PROYECTO_FASE_2023\ESTRUCTURADO\SubdireccionMejoramientoIntegral\_Legalizado.gdb\dos_legalizados_agost,RESPONSABLE,0,4;CODIGO_UPL "Código de UPL" true true false 20 Text 0 0,First,#,R:\DATOS\4_TEMPO_TAREAS\5_MANTENIMIENTO_BDG\PROYECTO_FASE_2023\ESTRUCTURADO\SubdireccionMejoramientoIntegral\_Legalizado.gdb\dos_legalizados_agost,CODIGO_UPL,0,20" # # # NOT_UPDATE_GEOMETRY</Process><Process ToolSource="c:\program files\arcgis\pro\Resources\ArcToolbox\toolboxes\Data Management Tools.tbx\CalculateField" Date="20230830" Time="081454">CalculateField "Barrio Legalizado" CODIGO_ID SequentialNumber() "Python 3" "# Calculates a sequential number
# More calculator examples at esriurl.com/CalculatorExamples
rec=0
def SequentialNumber():
    global rec
    pStart = 1
    pInterval = 1
    if (rec == 0):
        rec = pStart
    else:
        rec = rec + pInterval
    return rec" Text NO_ENFORCE_DOMAINS</Process><Process ToolSource="c:\program files\arcgis\pro\Resources\ArcToolbox\toolboxes\Data Management Tools.tbx\CalculateField" Date="20230904" Time="133454">CalculateField "Barrio Legalizado" RESPONSABLE "554" "Python 3" # Text NO_ENFORCE_DOMAINS</Process><Process ToolSource="c:\program files\arcgis\pro\Resources\ArcToolbox\toolboxes\Data Management Tools.tbx\Append" Date="20240104" Time="145325">Append C:\SLAITON\BDGC\Actualizacion_BDGC\CST\BASE_LEGALIZADOS_PARA_CARGAR.gdb\Barrio_legalizado C:\Users\slaiton\AppData\Roaming\Esri\ArcGISPro\Favorites\Oracle-sde_oracle11g_BDG_SDP(slaiton).sde\ADMBDG.Legalizacion\ADMBDG.Barrio_legalizado "Use the field map to reconcile field differences" "CODIGO_ID "Identificador Único" true true false 10 Text 0 0,First,#,C:\SLAITON\BDGC\Actualizacion_BDGC\CST\BASE_LEGALIZADOS_PARA_CARGAR.gdb\Barrio_legalizado,CODIGO_ID,0,9;NOMBRE "Nombre Legalizado" true true false 250 Text 0 0,First,#,C:\SLAITON\BDGC\Actualizacion_BDGC\CST\BASE_LEGALIZADOS_PARA_CARGAR.gdb\Barrio_legalizado,NOMBRE,0,249;ESTADO "Estado Legalizado" true true false 2 Short 0 5,First,#,C:\SLAITON\BDGC\Actualizacion_BDGC\CST\BASE_LEGALIZADOS_PARA_CARGAR.gdb\Barrio_legalizado,ESTADO,-1,-1;LLAVE_PLANO "Llave Plano" true true false 10 Text 0 0,First,#,C:\SLAITON\BDGC\Actualizacion_BDGC\CST\BASE_LEGALIZADOS_PARA_CARGAR.gdb\Barrio_legalizado,LLAVE_PLANO,0,9;LLAVE_ACTUACION "Llave Actuación" true true false 17 Text 0 0,First,#,C:\SLAITON\BDGC\Actualizacion_BDGC\CST\BASE_LEGALIZADOS_PARA_CARGAR.gdb\Barrio_legalizado,LLAVE_ACTUACION,0,16;ACTO_ADMINISTRATIVO "Acto Administrativo" true true false 4 Text 0 0,First,#,C:\SLAITON\BDGC\Actualizacion_BDGC\CST\BASE_LEGALIZADOS_PARA_CARGAR.gdb\Barrio_legalizado,ACTO_ADMINISTRATIVO,0,3;NUMERO_ACTO_ADMINISTRATIVO "Número Acto Administrativo" true true false 10 Text 0 0,First,#,C:\SLAITON\BDGC\Actualizacion_BDGC\CST\BASE_LEGALIZADOS_PARA_CARGAR.gdb\Barrio_legalizado,NUMERO_ACTO_ADMINISTRATIVO,0,9;FECHA_ACTO_ADMINISTRATIVO "Fecha Acto Administrativo" true true false 8 Date 0 0,First,#,C:\SLAITON\BDGC\Actualizacion_BDGC\CST\BASE_LEGALIZADOS_PARA_CARGAR.gdb\Barrio_legalizado,FECHA_ACTO_ADMINISTRATIVO,-1,-1;NUMERO_PLANO "Número Plano" true true false 50 Text 0 0,First,#,C:\SLAITON\BDGC\Actualizacion_BDGC\CST\BASE_LEGALIZADOS_PARA_CARGAR.gdb\Barrio_legalizado,NUMERO_PLANO,0,49;AREA_TOTAL "Área Total" true true false 8 Double 8 38,First,#,C:\SLAITON\BDGC\Actualizacion_BDGC\CST\BASE_LEGALIZADOS_PARA_CARGAR.gdb\Barrio_legalizado,AREA_TOTAL,-1,-1;LOTES_TOTAL "Lotes Total" true true false 8 Double 8 38,First,#,C:\SLAITON\BDGC\Actualizacion_BDGC\CST\BASE_LEGALIZADOS_PARA_CARGAR.gdb\Barrio_legalizado,LOTES_TOTAL,-1,-1;POBLACION_ESTIMADA "Población Estimada" true true false 8 Double 8 38,First,#,C:\SLAITON\BDGC\Actualizacion_BDGC\CST\BASE_LEGALIZADOS_PARA_CARGAR.gdb\Barrio_legalizado,POBLACION_ESTIMADA,-1,-1;DENSIDAD "Densidad" true true false 8 Double 8 38,First,#,C:\SLAITON\BDGC\Actualizacion_BDGC\CST\BASE_LEGALIZADOS_PARA_CARGAR.gdb\Barrio_legalizado,DENSIDAD,-1,-1;AREAS_ZVC "Área ZVC" true true false 8 Double 8 38,First,#,C:\SLAITON\BDGC\Actualizacion_BDGC\CST\BASE_LEGALIZADOS_PARA_CARGAR.gdb\Barrio_legalizado,AREAS_ZVC,-1,-1;OBSERVACIONES "Observaciones" true true false 255 Text 0 0,First,#,C:\SLAITON\BDGC\Actualizacion_BDGC\CST\BASE_LEGALIZADOS_PARA_CARGAR.gdb\Barrio_legalizado,OBSERVACIONES,0,254;CODIGO_UPZ "Código Unidad Planeamiento Zonal" true true false 4 Long 0 10,First,#,C:\SLAITON\BDGC\Actualizacion_BDGC\CST\BASE_LEGALIZADOS_PARA_CARGAR.gdb\Barrio_legalizado,CODIGO_UPZ,-1,-1;CODIGO_LOCALIDAD "Código Localidad" true true false 10 Text 0 0,First,#,C:\SLAITON\BDGC\Actualizacion_BDGC\CST\BASE_LEGALIZADOS_PARA_CARGAR.gdb\Barrio_legalizado,CODIGO_LOCALIDAD,0,9;REGLAMENTACION "Reglamentación" true true false 20 Text 0 0,First,#,C:\SLAITON\BDGC\Actualizacion_BDGC\CST\BASE_LEGALIZADOS_PARA_CARGAR.gdb\Barrio_legalizado,REGLAMENTACION,0,19;ESCALA_CAPTURA "Escala Captura" true true false 10 Text 0 0,First,#,C:\SLAITON\BDGC\Actualizacion_BDGC\CST\BASE_LEGALIZADOS_PARA_CARGAR.gdb\Barrio_legalizado,ESCALA_CAPTURA,0,9;FECHA_CAPTURA "Fecha Actualización" true true false 8 Date 0 0,First,#,C:\SLAITON\BDGC\Actualizacion_BDGC\CST\BASE_LEGALIZADOS_PARA_CARGAR.gdb\Barrio_legalizado,FECHA_CAPTURA,-1,-1;RESPONSABLE "Responsable" true true false 4 Text 0 0,First,#,C:\SLAITON\BDGC\Actualizacion_BDGC\CST\BASE_LEGALIZADOS_PARA_CARGAR.gdb\Barrio_legalizado,RESPONSABLE,0,3;CODIGO_UPL "Código de UPL" true true false 20 Text 0 0,First,#,C:\SLAITON\BDGC\Actualizacion_BDGC\CST\BASE_LEGALIZADOS_PARA_CARGAR.gdb\Barrio_legalizado,CODIGO_UPL,0,19" # # # NOT_UPDATE_GEOMETRY</Process><Process ToolSource="c:\program files\arcgis\pro\Resources\ArcToolbox\toolboxes\Data Management Tools.tbx\Append" Date="20240416" Time="102639">Append R:\DATOS\1_PASO_A_PRODUCCION\22_lEGALIZACION.gdb\Legalizacion\Barrio_legalizado_20240329 "C:\Users\aramirez\AppData\Roaming\Esri\ArcGISPro\Favorites\sde (1).sde\ADMBDG.Legalizacion\ADMBDG.Barrio_legalizado" "Use the field map to reconcile field differences" "CODIGO_ID "Identificador Único" true true false 10 Text 0 0,First,#,R:\DATOS\1_PASO_A_PRODUCCION\22_lEGALIZACION.gdb\Legalizacion\Barrio_legalizado_20240329,CODIGO_ID,0,9;NOMBRE "Nombre Legalizado" true true false 250 Text 0 0,First,#,R:\DATOS\1_PASO_A_PRODUCCION\22_lEGALIZACION.gdb\Legalizacion\Barrio_legalizado_20240329,NOMBRE,0,249;ESTADO "Estado Legalizado" true true false 2 Short 0 5,First,#,R:\DATOS\1_PASO_A_PRODUCCION\22_lEGALIZACION.gdb\Legalizacion\Barrio_legalizado_20240329,ESTADO,-1,-1;LLAVE_PLANO "Llave Plano" true true false 10 Text 0 0,First,#,R:\DATOS\1_PASO_A_PRODUCCION\22_lEGALIZACION.gdb\Legalizacion\Barrio_legalizado_20240329,LLAVE_PLANO,0,9;LLAVE_ACTUACION "Llave Actuación" true true false 17 Text 0 0,First,#,R:\DATOS\1_PASO_A_PRODUCCION\22_lEGALIZACION.gdb\Legalizacion\Barrio_legalizado_20240329,LLAVE_ACTUACION,0,16;ACTO_ADMINISTRATIVO "Acto Administrativo" true true false 4 Text 0 0,First,#,R:\DATOS\1_PASO_A_PRODUCCION\22_lEGALIZACION.gdb\Legalizacion\Barrio_legalizado_20240329,ACTO_ADMINISTRATIVO,0,3;NUMERO_ACTO_ADMINISTRATIVO "Número Acto Administrativo" true true false 10 Text 0 0,First,#,R:\DATOS\1_PASO_A_PRODUCCION\22_lEGALIZACION.gdb\Legalizacion\Barrio_legalizado_20240329,NUMERO_ACTO_ADMINISTRATIVO,0,9;FECHA_ACTO_ADMINISTRATIVO "Fecha Acto Administrativo" true true false 8 Date 0 0,First,#,R:\DATOS\1_PASO_A_PRODUCCION\22_lEGALIZACION.gdb\Legalizacion\Barrio_legalizado_20240329,FECHA_ACTO_ADMINISTRATIVO,-1,-1;NUMERO_PLANO "Número Plano" true true false 50 Text 0 0,First,#,R:\DATOS\1_PASO_A_PRODUCCION\22_lEGALIZACION.gdb\Legalizacion\Barrio_legalizado_20240329,NUMERO_PLANO,0,49;AREA_TOTAL "Área Total" true true false 8 Double 8 38,First,#,R:\DATOS\1_PASO_A_PRODUCCION\22_lEGALIZACION.gdb\Legalizacion\Barrio_legalizado_20240329,AREA_TOTAL,-1,-1;LOTES_TOTAL "Lotes Total" true true false 8 Double 8 38,First,#,R:\DATOS\1_PASO_A_PRODUCCION\22_lEGALIZACION.gdb\Legalizacion\Barrio_legalizado_20240329,LOTES_TOTAL,-1,-1;POBLACION_ESTIMADA "Población Estimada" true true false 8 Double 8 38,First,#,R:\DATOS\1_PASO_A_PRODUCCION\22_lEGALIZACION.gdb\Legalizacion\Barrio_legalizado_20240329,POBLACION_ESTIMADA,-1,-1;DENSIDAD "Densidad" true true false 8 Double 8 38,First,#,R:\DATOS\1_PASO_A_PRODUCCION\22_lEGALIZACION.gdb\Legalizacion\Barrio_legalizado_20240329,DENSIDAD,-1,-1;AREAS_ZVC "Área ZVC" true true false 8 Double 8 38,First,#,R:\DATOS\1_PASO_A_PRODUCCION\22_lEGALIZACION.gdb\Legalizacion\Barrio_legalizado_20240329,AREAS_ZVC,-1,-1;OBSERVACIONES "Observaciones" true true false 255 Text 0 0,First,#,R:\DATOS\1_PASO_A_PRODUCCION\22_lEGALIZACION.gdb\Legalizacion\Barrio_legalizado_20240329,OBSERVACIONES,0,254;CODIGO_UPZ "Código Unidad Planeamiento Zonal" true true false 4 Long 0 10,First,#,R:\DATOS\1_PASO_A_PRODUCCION\22_lEGALIZACION.gdb\Legalizacion\Barrio_legalizado_20240329,CODIGO_UPZ,-1,-1;CODIGO_LOCALIDAD "Código Localidad" true true false 10 Text 0 0,First,#,R:\DATOS\1_PASO_A_PRODUCCION\22_lEGALIZACION.gdb\Legalizacion\Barrio_legalizado_20240329,CODIGO_LOCALIDAD,0,9;REGLAMENTACION "Reglamentación" true true false 20 Text 0 0,First,#,R:\DATOS\1_PASO_A_PRODUCCION\22_lEGALIZACION.gdb\Legalizacion\Barrio_legalizado_20240329,REGLAMENTACION,0,19;ESCALA_CAPTURA "Escala Captura" true true false 10 Text 0 0,First,#,R:\DATOS\1_PASO_A_PRODUCCION\22_lEGALIZACION.gdb\Legalizacion\Barrio_legalizado_20240329,ESCALA_CAPTURA,0,9;FECHA_CAPTURA "Fecha Actualización" true true false 8 Date 0 0,First,#,R:\DATOS\1_PASO_A_PRODUCCION\22_lEGALIZACION.gdb\Legalizacion\Barrio_legalizado_20240329,FECHA_CAPTURA,-1,-1;RESPONSABLE "Responsable" true true false 4 Text 0 0,First,#,R:\DATOS\1_PASO_A_PRODUCCION\22_lEGALIZACION.gdb\Legalizacion\Barrio_legalizado_20240329,RESPONSABLE,0,3;CODIGO_UPL "Código de UPL" true true false 20 Text 0 0,First,#,R:\DATOS\1_PASO_A_PRODUCCION\22_lEGALIZACION.gdb\Legalizacion\Barrio_legalizado_20240329,CODIGO_UPL,0,19" # # # NOT_UPDATE_GEOMETRY</Process><Process ToolSource="c:\program files\arcgis\pro\Resources\ArcToolbox\toolboxes\Data Management Tools.tbx\CalculateField" Date="20240416" Time="102805">CalculateField ADMBDG.Barrio_legalizado FECHA_CAPTURA "03/29/2024" Python # Text NO_ENFORCE_DOMAINS</Process><Process ToolSource="c:\program files\arcgis\pro\Resources\ArcToolbox\toolboxes\Data Management Tools.tbx\Append" Date="20240507" Time="074332">Append R:\DATOS\1_PASO_A_PRODUCCION\23_Legalizado.gdb\Legalizacion\Barrio_legalizado_a "C:\Users\aramirez\AppData\Roaming\Esri\ArcGISPro\Favorites\sde (1).sde\ADMBDG.Legalizacion\ADMBDG.Barrio_legalizado" "Use the field map to reconcile field differences" "CODIGO_ID "Identificador Único" true true false 10 Text 0 0,First,#,R:\DATOS\1_PASO_A_PRODUCCION\23_Legalizado.gdb\Legalizacion\Barrio_legalizado_a,CODIGO_ID,0,9;NOMBRE "Nombre Legalizado" true true false 250 Text 0 0,First,#,R:\DATOS\1_PASO_A_PRODUCCION\23_Legalizado.gdb\Legalizacion\Barrio_legalizado_a,NOMBRE,0,249;ESTADO "Estado Legalizado" true true false 2 Short 0 5,First,#,R:\DATOS\1_PASO_A_PRODUCCION\23_Legalizado.gdb\Legalizacion\Barrio_legalizado_a,ESTADO,-1,-1;LLAVE_PLANO "Llave Plano" true true false 10 Text 0 0,First,#,R:\DATOS\1_PASO_A_PRODUCCION\23_Legalizado.gdb\Legalizacion\Barrio_legalizado_a,LLAVE_PLANO,0,9;LLAVE_ACTUACION "Llave Actuación" true true false 17 Text 0 0,First,#,R:\DATOS\1_PASO_A_PRODUCCION\23_Legalizado.gdb\Legalizacion\Barrio_legalizado_a,LLAVE_ACTUACION,0,16;ACTO_ADMINISTRATIVO "Acto Administrativo" true true false 4 Text 0 0,First,#,R:\DATOS\1_PASO_A_PRODUCCION\23_Legalizado.gdb\Legalizacion\Barrio_legalizado_a,ACTO_ADMINISTRATIVO,0,3;NUMERO_ACTO_ADMINISTRATIVO "Número Acto Administrativo" true true false 10 Text 0 0,First,#,R:\DATOS\1_PASO_A_PRODUCCION\23_Legalizado.gdb\Legalizacion\Barrio_legalizado_a,NUMERO_ACTO_ADMINISTRATIVO,0,9;FECHA_ACTO_ADMINISTRATIVO "Fecha Acto Administrativo" true true false 8 Date 0 0,First,#,R:\DATOS\1_PASO_A_PRODUCCION\23_Legalizado.gdb\Legalizacion\Barrio_legalizado_a,FECHA_ACTO_ADMINISTRATIVO,-1,-1;NUMERO_PLANO "Número Plano" true true false 50 Text 0 0,First,#,R:\DATOS\1_PASO_A_PRODUCCION\23_Legalizado.gdb\Legalizacion\Barrio_legalizado_a,NUMERO_PLANO,0,49;AREA_TOTAL "Área Total" true true false 8 Double 8 38,First,#,R:\DATOS\1_PASO_A_PRODUCCION\23_Legalizado.gdb\Legalizacion\Barrio_legalizado_a,AREA_TOTAL,-1,-1;LOTES_TOTAL "Lotes Total" true true false 8 Double 8 38,First,#,R:\DATOS\1_PASO_A_PRODUCCION\23_Legalizado.gdb\Legalizacion\Barrio_legalizado_a,LOTES_TOTAL,-1,-1;POBLACION_ESTIMADA "Población Estimada" true true false 8 Double 8 38,First,#,R:\DATOS\1_PASO_A_PRODUCCION\23_Legalizado.gdb\Legalizacion\Barrio_legalizado_a,POBLACION_ESTIMADA,-1,-1;DENSIDAD "Densidad" true true false 8 Double 8 38,First,#,R:\DATOS\1_PASO_A_PRODUCCION\23_Legalizado.gdb\Legalizacion\Barrio_legalizado_a,DENSIDAD,-1,-1;AREAS_ZVC "Área ZVC" true true false 8 Double 8 38,First,#,R:\DATOS\1_PASO_A_PRODUCCION\23_Legalizado.gdb\Legalizacion\Barrio_legalizado_a,AREAS_ZVC,-1,-1;OBSERVACIONES "Observaciones" true true false 255 Text 0 0,First,#,R:\DATOS\1_PASO_A_PRODUCCION\23_Legalizado.gdb\Legalizacion\Barrio_legalizado_a,OBSERVACIONES,0,254;CODIGO_UPZ "Código Unidad Planeamiento Zonal" true true false 4 Long 0 10,First,#,R:\DATOS\1_PASO_A_PRODUCCION\23_Legalizado.gdb\Legalizacion\Barrio_legalizado_a,CODIGO_UPZ,-1,-1;CODIGO_LOCALIDAD "Código Localidad" true true false 10 Text 0 0,First,#,R:\DATOS\1_PASO_A_PRODUCCION\23_Legalizado.gdb\Legalizacion\Barrio_legalizado_a,CODIGO_LOCALIDAD,0,9;REGLAMENTACION "Reglamentación" true true false 20 Text 0 0,First,#,R:\DATOS\1_PASO_A_PRODUCCION\23_Legalizado.gdb\Legalizacion\Barrio_legalizado_a,REGLAMENTACION,0,19;ESCALA_CAPTURA "Escala Captura" true true false 10 Text 0 0,First,#,R:\DATOS\1_PASO_A_PRODUCCION\23_Legalizado.gdb\Legalizacion\Barrio_legalizado_a,ESCALA_CAPTURA,0,9;FECHA_CAPTURA "Fecha Actualización" true true false 8 Date 0 0,First,#,R:\DATOS\1_PASO_A_PRODUCCION\23_Legalizado.gdb\Legalizacion\Barrio_legalizado_a,FECHA_CAPTURA,-1,-1;RESPONSABLE "Responsable" true true false 4 Text 0 0,First,#,R:\DATOS\1_PASO_A_PRODUCCION\23_Legalizado.gdb\Legalizacion\Barrio_legalizado_a,RESPONSABLE,0,3;CODIGO_UPL "Código de UPL" true true false 20 Text 0 0,First,#,R:\DATOS\1_PASO_A_PRODUCCION\23_Legalizado.gdb\Legalizacion\Barrio_legalizado_a,CODIGO_UPL,0,19" # # # NOT_UPDATE_GEOMETRY</Process><Process ToolSource="c:\program files\arcgis\pro\Resources\ArcToolbox\toolboxes\Conversion Tools.tbx\ExportFeatures" Date="20240507" Time="074822">ExportFeatures "Barrio Legalizado" R:\DATOS\4_TEMPO_TAREAS\IDECA\ENTREGAS_INFO_PARA_IDECA\2023_04_14_BASE_PARA_DATOS_ABIERTOS\SDP_DATOS_ABIERTOS\Tempo.gdb\BarrioLegalizado1 # NOT_USE_ALIAS "CODIGO_ID "Identificador Único" true true false 10 Text 0 0,First,#,Barrio Legalizado,CODIGO_ID,0,9;NOMBRE "Nombre Legalizado" true true false 250 Text 0 0,First,#,Barrio Legalizado,NOMBRE,0,249;ESTADO "Estado Legalizado" true true false 2 Short 0 5,First,#,Barrio Legalizado,ESTADO,-1,-1;LLAVE_PLANO "Llave Plano" true true false 10 Text 0 0,First,#,Barrio Legalizado,LLAVE_PLANO,0,9;LLAVE_ACTUACION "Llave Actuación" true true false 17 Text 0 0,First,#,Barrio Legalizado,LLAVE_ACTUACION,0,16;ACTO_ADMINISTRATIVO "Acto Administrativo" true true false 4 Text 0 0,First,#,Barrio Legalizado,ACTO_ADMINISTRATIVO,0,3;NUMERO_ACTO_ADMINISTRATIVO "Número Acto Administrativo" true true false 10 Text 0 0,First,#,Barrio Legalizado,NUMERO_ACTO_ADMINISTRATIVO,0,9;FECHA_ACTO_ADMINISTRATIVO "Fecha Acto Administrativo" true true false 8 Date 0 0,First,#,Barrio Legalizado,FECHA_ACTO_ADMINISTRATIVO,-1,-1;NUMERO_PLANO "Número Plano" true true false 50 Text 0 0,First,#,Barrio Legalizado,NUMERO_PLANO,0,49;AREA_TOTAL "Área Total" true true false 8 Double 8 38,First,#,Barrio Legalizado,AREA_TOTAL,-1,-1;LOTES_TOTAL "Lotes Total" true true false 8 Double 8 38,First,#,Barrio Legalizado,LOTES_TOTAL,-1,-1;POBLACION_ESTIMADA "Población Estimada" true true false 8 Double 8 38,First,#,Barrio Legalizado,POBLACION_ESTIMADA,-1,-1;DENSIDAD "Densidad" true true false 8 Double 8 38,First,#,Barrio Legalizado,DENSIDAD,-1,-1;AREAS_ZVC "Área ZVC" true true false 8 Double 8 38,First,#,Barrio Legalizado,AREAS_ZVC,-1,-1;OBSERVACIONES "Observaciones" true true false 255 Text 0 0,First,#,Barrio Legalizado,OBSERVACIONES,0,254;CODIGO_UPZ "Código Unidad Planeamiento Zonal" true true false 4 Long 0 10,First,#,Barrio Legalizado,CODIGO_UPZ,-1,-1;CODIGO_LOCALIDAD "Código Localidad" true true false 10 Text 0 0,First,#,Barrio Legalizado,CODIGO_LOCALIDAD,0,9;REGLAMENTACION "Reglamentación" true true false 20 Text 0 0,First,#,Barrio Legalizado,REGLAMENTACION,0,19;ESCALA_CAPTURA "Escala Captura" true true false 10 Text 0 0,First,#,Barrio Legalizado,ESCALA_CAPTURA,0,9;FECHA_CAPTURA "Fecha Actualización" true true false 8 Date 0 0,First,#,Barrio Legalizado,FECHA_CAPTURA,-1,-1;RESPONSABLE "Responsable" true true false 4 Text 0 0,First,#,Barrio Legalizado,RESPONSABLE,0,3;CODIGO_UPL "Código de UPL" true true false 20 Text 0 0,First,#,Barrio Legalizado,CODIGO_UPL,0,19" #</Process><Process ToolSource="c:\program files\arcgis\pro\Resources\ArcToolbox\Toolboxes\Data Management Tools.tbx\Rename" Date="20240507" Time="075050">Rename R:\DATOS\4_TEMPO_TAREAS\IDECA\ENTREGAS_INFO_PARA_IDECA\2023_04_14_BASE_PARA_DATOS_ABIERTOS\SDP_DATOS_ABIERTOS\Tempo.gdb\BarrioLegalizado1 R:\DATOS\4_TEMPO_TAREAS\IDECA\ENTREGAS_INFO_PARA_IDECA\2023_04_14_BASE_PARA_DATOS_ABIERTOS\SDP_DATOS_ABIERTOS\Tempo.gdb\BarrioLegalizado FeatureClass</Process><Process ToolSource="c:\program files\arcgis\pro\Resources\ArcToolbox\toolboxes\Conversion Tools.tbx\ExportFeatures" Date="20240507" Time="075427">ExportFeatures R:\DATOS\4_TEMPO_TAREAS\IDECA\ENTREGAS_INFO_PARA_IDECA\2023_04_14_BASE_PARA_DATOS_ABIERTOS\SDP_DATOS_ABIERTOS\Tempo.gdb\BarrioLegalizado "R:\DATOS\4_TEMPO_TAREAS\IDECA\ENTREGAS_INFO_PARA_IDECA\2023_04_14_BASE_PARA_DATOS_ABIERTOS\SDP_DATOS_ABIERTOS\FormatoSHP (1)\BarrioLegalizado.shp" # NOT_USE_ALIAS "CODIGO_ID "Identificador Único" true true false 10 Text 0 0,First,#,R:\DATOS\4_TEMPO_TAREAS\IDECA\ENTREGAS_INFO_PARA_IDECA\2023_04_14_BASE_PARA_DATOS_ABIERTOS\SDP_DATOS_ABIERTOS\Tempo.gdb\BarrioLegalizado,CODIGO_ID,0,9;NOMBRE "Nombre Legalizado" true true false 250 Text 0 0,First,#,R:\DATOS\4_TEMPO_TAREAS\IDECA\ENTREGAS_INFO_PARA_IDECA\2023_04_14_BASE_PARA_DATOS_ABIERTOS\SDP_DATOS_ABIERTOS\Tempo.gdb\BarrioLegalizado,NOMBRE,0,249;ESTADO "Estado Legalizado" true true false 2 Short 0 0,First,#,R:\DATOS\4_TEMPO_TAREAS\IDECA\ENTREGAS_INFO_PARA_IDECA\2023_04_14_BASE_PARA_DATOS_ABIERTOS\SDP_DATOS_ABIERTOS\Tempo.gdb\BarrioLegalizado,ESTADO,-1,-1;LLAVE_PLANO "Llave Plano" true true false 10 Text 0 0,First,#,R:\DATOS\4_TEMPO_TAREAS\IDECA\ENTREGAS_INFO_PARA_IDECA\2023_04_14_BASE_PARA_DATOS_ABIERTOS\SDP_DATOS_ABIERTOS\Tempo.gdb\BarrioLegalizado,LLAVE_PLANO,0,9;LLAVE_ACTUACION "Llave Actuación" true true false 17 Text 0 0,First,#,R:\DATOS\4_TEMPO_TAREAS\IDECA\ENTREGAS_INFO_PARA_IDECA\2023_04_14_BASE_PARA_DATOS_ABIERTOS\SDP_DATOS_ABIERTOS\Tempo.gdb\BarrioLegalizado,LLAVE_ACTUACION,0,16;ACTO_ADMINISTRATIVO "Acto Administrativo" true true false 4 Text 0 0,First,#,R:\DATOS\4_TEMPO_TAREAS\IDECA\ENTREGAS_INFO_PARA_IDECA\2023_04_14_BASE_PARA_DATOS_ABIERTOS\SDP_DATOS_ABIERTOS\Tempo.gdb\BarrioLegalizado,ACTO_ADMINISTRATIVO,0,3;NUMERO_ACTO_ADMINISTRATIVO "Número Acto Administrativo" true true false 10 Text 0 0,First,#,R:\DATOS\4_TEMPO_TAREAS\IDECA\ENTREGAS_INFO_PARA_IDECA\2023_04_14_BASE_PARA_DATOS_ABIERTOS\SDP_DATOS_ABIERTOS\Tempo.gdb\BarrioLegalizado,NUMERO_ACTO_ADMINISTRATIVO,0,9;FECHA_ACTO_ADMINISTRATIVO "Fecha Acto Administrativo" true true false 8 Date 0 0,First,#,R:\DATOS\4_TEMPO_TAREAS\IDECA\ENTREGAS_INFO_PARA_IDECA\2023_04_14_BASE_PARA_DATOS_ABIERTOS\SDP_DATOS_ABIERTOS\Tempo.gdb\BarrioLegalizado,FECHA_ACTO_ADMINISTRATIVO,-1,-1;NUMERO_PLANO "Número Plano" true true false 50 Text 0 0,First,#,R:\DATOS\4_TEMPO_TAREAS\IDECA\ENTREGAS_INFO_PARA_IDECA\2023_04_14_BASE_PARA_DATOS_ABIERTOS\SDP_DATOS_ABIERTOS\Tempo.gdb\BarrioLegalizado,NUMERO_PLANO,0,49;AREA_TOTAL "Área Total" true true false 8 Double 0 0,First,#,R:\DATOS\4_TEMPO_TAREAS\IDECA\ENTREGAS_INFO_PARA_IDECA\2023_04_14_BASE_PARA_DATOS_ABIERTOS\SDP_DATOS_ABIERTOS\Tempo.gdb\BarrioLegalizado,AREA_TOTAL,-1,-1;LOTES_TOTAL "Lotes Total" true true false 8 Double 0 0,First,#,R:\DATOS\4_TEMPO_TAREAS\IDECA\ENTREGAS_INFO_PARA_IDECA\2023_04_14_BASE_PARA_DATOS_ABIERTOS\SDP_DATOS_ABIERTOS\Tempo.gdb\BarrioLegalizado,LOTES_TOTAL,-1,-1;POBLACION_ESTIMADA "Población Estimada" true true false 8 Double 0 0,First,#,R:\DATOS\4_TEMPO_TAREAS\IDECA\ENTREGAS_INFO_PARA_IDECA\2023_04_14_BASE_PARA_DATOS_ABIERTOS\SDP_DATOS_ABIERTOS\Tempo.gdb\BarrioLegalizado,POBLACION_ESTIMADA,-1,-1;DENSIDAD "Densidad" true true false 8 Double 0 0,First,#,R:\DATOS\4_TEMPO_TAREAS\IDECA\ENTREGAS_INFO_PARA_IDECA\2023_04_14_BASE_PARA_DATOS_ABIERTOS\SDP_DATOS_ABIERTOS\Tempo.gdb\BarrioLegalizado,DENSIDAD,-1,-1;AREAS_ZVC "Área ZVC" true true false 8 Double 0 0,First,#,R:\DATOS\4_TEMPO_TAREAS\IDECA\ENTREGAS_INFO_PARA_IDECA\2023_04_14_BASE_PARA_DATOS_ABIERTOS\SDP_DATOS_ABIERTOS\Tempo.gdb\BarrioLegalizado,AREAS_ZVC,-1,-1;OBSERVACIONES "Observaciones" true true false 255 Text 0 0,First,#,R:\DATOS\4_TEMPO_TAREAS\IDECA\ENTREGAS_INFO_PARA_IDECA\2023_04_14_BASE_PARA_DATOS_ABIERTOS\SDP_DATOS_ABIERTOS\Tempo.gdb\BarrioLegalizado,OBSERVACIONES,0,254;CODIGO_UPZ "Código Unidad Planeamiento Zonal" true true false 4 Long 0 0,First,#,R:\DATOS\4_TEMPO_TAREAS\IDECA\ENTREGAS_INFO_PARA_IDECA\2023_04_14_BASE_PARA_DATOS_ABIERTOS\SDP_DATOS_ABIERTOS\Tempo.gdb\BarrioLegalizado,CODIGO_UPZ,-1,-1;CODIGO_LOCALIDAD "Código Localidad" true true false 10 Text 0 0,First,#,R:\DATOS\4_TEMPO_TAREAS\IDECA\ENTREGAS_INFO_PARA_IDECA\2023_04_14_BASE_PARA_DATOS_ABIERTOS\SDP_DATOS_ABIERTOS\Tempo.gdb\BarrioLegalizado,CODIGO_LOCALIDAD,0,9;REGLAMENTACION "Reglamentación" true true false 20 Text 0 0,First,#,R:\DATOS\4_TEMPO_TAREAS\IDECA\ENTREGAS_INFO_PARA_IDECA\2023_04_14_BASE_PARA_DATOS_ABIERTOS\SDP_DATOS_ABIERTOS\Tempo.gdb\BarrioLegalizado,REGLAMENTACION,0,19;ESCALA_CAPTURA "Escala Captura" true true false 10 Text 0 0,First,#,R:\DATOS\4_TEMPO_TAREAS\IDECA\ENTREGAS_INFO_PARA_IDECA\2023_04_14_BASE_PARA_DATOS_ABIERTOS\SDP_DATOS_ABIERTOS\Tempo.gdb\BarrioLegalizado,ESCALA_CAPTURA,0,9;FECHA_CAPTURA "Fecha Actualización" true true false 8 Date 0 0,First,#,R:\DATOS\4_TEMPO_TAREAS\IDECA\ENTREGAS_INFO_PARA_IDECA\2023_04_14_BASE_PARA_DATOS_ABIERTOS\SDP_DATOS_ABIERTOS\Tempo.gdb\BarrioLegalizado,FECHA_CAPTURA,-1,-1;RESPONSABLE "Responsable" true true false 4 Text 0 0,First,#,R:\DATOS\4_TEMPO_TAREAS\IDECA\ENTREGAS_INFO_PARA_IDECA\2023_04_14_BASE_PARA_DATOS_ABIERTOS\SDP_DATOS_ABIERTOS\Tempo.gdb\BarrioLegalizado,RESPONSABLE,0,3;CODIGO_UPL "Código de UPL" true true false 20 Text 0 0,First,#,R:\DATOS\4_TEMPO_TAREAS\IDECA\ENTREGAS_INFO_PARA_IDECA\2023_04_14_BASE_PARA_DATOS_ABIERTOS\SDP_DATOS_ABIERTOS\Tempo.gdb\BarrioLegalizado,CODIGO_UPL,0,19;Shape_Length "Shape_Length" false true true 8 Double 0 0,First,#,R:\DATOS\4_TEMPO_TAREAS\IDECA\ENTREGAS_INFO_PARA_IDECA\2023_04_14_BASE_PARA_DATOS_ABIERTOS\SDP_DATOS_ABIERTOS\Tempo.gdb\BarrioLegalizado,Shape_Length,-1,-1;Shape_Area "Shape_Area" false true true 8 Double 0 0,First,#,R:\DATOS\4_TEMPO_TAREAS\IDECA\ENTREGAS_INFO_PARA_IDECA\2023_04_14_BASE_PARA_DATOS_ABIERTOS\SDP_DATOS_ABIERTOS\Tempo.gdb\BarrioLegalizado,Shape_Area,-1,-1" #</Process></lineage><itemProps><itemLocation><linkage Sync="TRUE">file://\\1061SDP20\R\DATOS\4_TEMPO_TAREAS\IDECA\ENTREGAS_INFO_PARA_IDECA\2023_04_14_BASE_PARA_DATOS_ABIERTOS\SDP_DATOS_ABIERTOS\FormatoSHP (1)\BarrioLegalizado.shp</linkage><protocol Sync="TRUE">Local Area Network</protocol></itemLocation><itemName Sync="TRUE">BarrioLegalizado</itemName><imsContentType Sync="TRUE">002</imsContentType><itemSize Sync="TRUE">0.000</itemSize></itemProps><coordRef><type Sync="TRUE">Projected</type><geogcsn Sync="TRUE">GCS_CarMAGBOG</geogcsn><csUnits Sync="TRUE">Linear Unit: Meter (1.000000)</csUnits><projcsn Sync="TRUE">PCS_CarMAGBOG</projcsn><peXml Sync="TRUE">&lt;ProjectedCoordinateSystem xsi:type='typens:ProjectedCoordinateSystem' xmlns:xsi='http://www.w3.org/2001/XMLSchema-instance' xmlns:xs='http://www.w3.org/2001/XMLSchema' xmlns:typens='http://www.esri.com/schemas/ArcGIS/3.2.0'&gt;&lt;WKT&gt;PROJCS[&amp;quot;PCS_CarMAGBOG&amp;quot;,GEOGCS[&amp;quot;GCS_CarMAGBOG&amp;quot;,DATUM[&amp;quot;CGS_CarMAGBOG&amp;quot;,SPHEROID[&amp;quot;GRS80 Mod&amp;quot;,6380687.0,298.257222101]],PRIMEM[&amp;quot;Greenwich&amp;quot;,0.0],UNIT[&amp;quot;Degree&amp;quot;,0.0174532925199433]],PROJECTION[&amp;quot;Transverse_Mercator&amp;quot;],PARAMETER[&amp;quot;False_Easting&amp;quot;,92334.879],PARAMETER[&amp;quot;False_Northing&amp;quot;,109320.965],PARAMETER[&amp;quot;Central_Meridian&amp;quot;,-74.14659167],PARAMETER[&amp;quot;Scale_Factor&amp;quot;,1.0],PARAMETER[&amp;quot;Latitude_Of_Origin&amp;quot;,4.680486111],UNIT[&amp;quot;Meter&amp;quot;,1.0]]&lt;/WKT&gt;&lt;XOrigin&gt;-5533100&lt;/XOrigin&gt;&lt;YOrigin&gt;-10414600&lt;/YOrigin&gt;&lt;XYScale&gt;450083161.59267002&lt;/XYScale&gt;&lt;ZOrigin&gt;-100000&lt;/ZOrigin&gt;&lt;ZScale&gt;10000&lt;/ZScale&gt;&lt;MOrigin&gt;-100000&lt;/MOrigin&gt;&lt;MScale&gt;10000&lt;/MScale&gt;&lt;XYTolerance&gt;0.001&lt;/XYTolerance&gt;&lt;ZTolerance&gt;0.001&lt;/ZTolerance&gt;&lt;MTolerance&gt;0.001&lt;/MTolerance&gt;&lt;HighPrecision&gt;true&lt;/HighPrecision&gt;&lt;/ProjectedCoordinateSystem&gt;</peXml></coordRef></DataProperties><ArcGISstyle>ISO 19139 Metadata Implementation Specification</ArcGISstyle><SyncDate>20240507</SyncDate><SyncTime>07542700</SyncTime><ModDate>20240507</ModDate><ModTime>07542700</ModTime></Esri><dataIdInfo><envirDesc Sync="TRUE">Microsoft Windows 10 Version 10.0 (Build 19045) ; Esri ArcGIS 13.2.0.49743</envirDesc><dataLang><languageCode value="spa" Sync="TRUE"></languageCode><countryCode value="COL" Sync="TRUE"></countryCode></dataLang><idCitation><resTitle Sync="TRUE">BarrioLegalizado</resTitle><presForm><PresFormCd value="005" Sync="TRUE"></PresFormCd></presForm></idCitation><spatRpType><SpatRepTypCd value="001" Sync="TRUE"></SpatRepTypCd></spatRpType></dataIdInfo><mdLang><languageCode value="spa" Sync="TRUE"></languageCode><countryCode value="COL" Sync="TRUE"></countryCode></mdLang><distInfo><distFormat><formatName Sync="TRUE">Shapefile</formatName></distFormat><distTranOps><transSize Sync="TRUE">0.000</transSize></distTranOps></distInfo><mdHrLv><ScopeCd value="005" Sync="TRUE"></ScopeCd></mdHrLv><mdHrLvName Sync="TRUE">dataset</mdHrLvName><refSysInfo><RefSystem><refSysID><identCode code="0" Sync="TRUE"></identCode></refSysID></RefSystem></refSysInfo><spatRepInfo><VectSpatRep><geometObjs Name="BarrioLegalizado"><geoObjTyp><GeoObjTypCd value="002" Sync="TRUE"></GeoObjTypCd></geoObjTyp><geoObjCnt Sync="TRUE">0</geoObjCnt></geometObjs><topLvl><TopoLevCd value="001" Sync="TRUE"></TopoLevCd></topLvl></VectSpatRep></spatRepInfo><spdoinfo><ptvctinf><esriterm Name="BarrioLegalizado"><efeatyp Sync="TRUE">Simple</efeatyp><efeageom code="4" Sync="TRUE"></efeageom><esritopo Sync="TRUE">FALSE</esritopo><efeacnt Sync="TRUE">0</efeacnt><spindex Sync="TRUE">FALSE</spindex><linrefer Sync="TRUE">FALSE</linrefer></esriterm></ptvctinf></spdoinfo><eainfo><detailed Name="BarrioLegalizado"><enttyp><enttypl Sync="TRUE">BarrioLegalizado</enttypl><enttypt Sync="TRUE">Feature Class</enttypt><enttypc Sync="TRUE">0</enttypc></enttyp><attr><attrlabl Sync="TRUE">Shape</attrlabl><attalias Sync="TRUE">Shape</attalias><attrtype Sync="TRUE">Geometry</attrtype><attwidth Sync="TRUE">0</attwidth><atprecis Sync="TRUE">0</atprecis><attscale Sync="TRUE">0</attscale><attrdef Sync="TRUE">Feature geometry.</attrdef><attrdefs Sync="TRUE">Esri</attrdefs><attrdomv><udom Sync="TRUE">Coordinates defining the features.</udom></attrdomv></attr><attr><attrlabl Sync="TRUE">CODIGO_ID</attrlabl><attalias Sync="TRUE">CODIGO_ID</attalias><attrtype Sync="TRUE">String</attrtype><attwidth Sync="TRUE">10</attwidth><atprecis Sync="TRUE">0</atprecis><attscale Sync="TRUE">0</attscale></attr><attr><attrlabl Sync="TRUE">NOMBRE</attrlabl><attalias Sync="TRUE">NOMBRE</attalias><attrtype Sync="TRUE">String</attrtype><attwidth Sync="TRUE">250</attwidth><atprecis Sync="TRUE">0</atprecis><attscale Sync="TRUE">0</attscale></attr><attr><attrlabl Sync="TRUE">ESTADO</attrlabl><attalias Sync="TRUE">ESTADO</attalias><attrtype Sync="TRUE">Integer</attrtype><attwidth Sync="TRUE">5</attwidth><atprecis Sync="TRUE">5</atprecis><attscale Sync="TRUE">0</attscale></attr><attr><attrlabl Sync="TRUE">FID</attrlabl><attalias Sync="TRUE">FID</attalias><attrtype Sync="TRUE">OID</attrtype><attwidth Sync="TRUE">4</attwidth><atprecis Sync="TRUE">0</atprecis><attscale Sync="TRUE">0</attscale><attrdef Sync="TRUE">Internal feature number.</attrdef><attrdefs Sync="TRUE">Esri</attrdefs><attrdomv><udom Sync="TRUE">Sequential unique whole numbers that are automatically generated.</udom></attrdomv></attr><attr><attrlabl Sync="TRUE">AREA_TOTAL</attrlabl><attalias Sync="TRUE">AREA_TOTAL</attalias><attrtype Sync="TRUE">Double</attrtype><attwidth Sync="TRUE">19</attwidth><atprecis Sync="TRUE">0</atprecis><attscale Sync="TRUE">0</attscale></attr><attr><attrlabl Sync="TRUE">DENSIDAD</attrlabl><attalias Sync="TRUE">DENSIDAD</attalias><attrtype Sync="TRUE">Double</attrtype><attwidth Sync="TRUE">19</attwidth><atprecis Sync="TRUE">0</atprecis><attscale Sync="TRUE">0</attscale></attr><attr><attrlabl Sync="TRUE">AREAS_ZVC</attrlabl><attalias Sync="TRUE">AREAS_ZVC</attalias><attrtype Sync="TRUE">Double</attrtype><attwidth Sync="TRUE">19</attwidth><atprecis Sync="TRUE">0</atprecis><attscale Sync="TRUE">0</attscale></attr><attr><attrlabl Sync="TRUE">CODIGO_UPZ</attrlabl><attalias Sync="TRUE">CODIGO_UPZ</attalias><attrtype Sync="TRUE">Integer</attrtype><attwidth Sync="TRUE">10</attwidth><atprecis Sync="TRUE">10</atprecis><attscale Sync="TRUE">0</attscale></attr><attr><attrlabl Sync="TRUE">LLAVE_PLAN</attrlabl><attalias Sync="TRUE">LLAVE_PLAN</attalias><attrtype Sync="TRUE">String</attrtype><attwidth Sync="TRUE">10</attwidth><atprecis Sync="TRUE">0</atprecis><attscale Sync="TRUE">0</attscale></attr><attr><attrlabl Sync="TRUE">LLAVE_ACTU</attrlabl><attalias Sync="TRUE">LLAVE_ACTU</attalias><attrtype Sync="TRUE">String</attrtype><attwidth Sync="TRUE">17</attwidth><atprecis Sync="TRUE">0</atprecis><attscale Sync="TRUE">0</attscale></attr><attr><attrlabl Sync="TRUE">ACTO_ADMIN</attrlabl><attalias Sync="TRUE">ACTO_ADMIN</attalias><attrtype Sync="TRUE">String</attrtype><attwidth Sync="TRUE">4</attwidth><atprecis Sync="TRUE">0</atprecis><attscale Sync="TRUE">0</attscale></attr><attr><attrlabl Sync="TRUE">NUMERO_ACT</attrlabl><attalias Sync="TRUE">NUMERO_ACT</attalias><attrtype Sync="TRUE">String</attrtype><attwidth Sync="TRUE">10</attwidth><atprecis Sync="TRUE">0</atprecis><attscale Sync="TRUE">0</attscale></attr><attr><attrlabl Sync="TRUE">FECHA_ACTO</attrlabl><attalias Sync="TRUE">FECHA_ACTO</attalias><attrtype Sync="TRUE">Date</attrtype><attwidth Sync="TRUE">8</attwidth><atprecis Sync="TRUE">0</atprecis><attscale Sync="TRUE">0</attscale></attr><attr><attrlabl Sync="TRUE">NUMERO_PLA</attrlabl><attalias Sync="TRUE">NUMERO_PLA</attalias><attrtype Sync="TRUE">String</attrtype><attwidth Sync="TRUE">50</attwidth><atprecis Sync="TRUE">0</atprecis><attscale Sync="TRUE">0</attscale></attr><attr><attrlabl Sync="TRUE">CODIGO_UPL</attrlabl><attalias Sync="TRUE">CODIGO_UPL</attalias><attrtype Sync="TRUE">String</attrtype><attwidth Sync="TRUE">20</attwidth><atprecis Sync="TRUE">0</atprecis><attscale Sync="TRUE">0</attscale></attr><attr><attrlabl Sync="TRUE">LOTES_TOTA</attrlabl><attalias Sync="TRUE">LOTES_TOTA</attalias><attrtype Sync="TRUE">Double</attrtype><attwidth Sync="TRUE">19</attwidth><atprecis Sync="TRUE">0</atprecis><attscale Sync="TRUE">0</attscale></attr><attr><attrlabl Sync="TRUE">POBLACION_</attrlabl><attalias Sync="TRUE">POBLACION_</attalias><attrtype Sync="TRUE">Double</attrtype><attwidth Sync="TRUE">19</attwidth><atprecis Sync="TRUE">0</atprecis><attscale Sync="TRUE">0</attscale></attr><attr><attrlabl Sync="TRUE">Shape_Area</attrlabl><attalias Sync="TRUE">Shape_Area</attalias><attrtype Sync="TRUE">Double</attrtype><attwidth Sync="TRUE">19</attwidth><atprecis Sync="TRUE">0</atprecis><attscale Sync="TRUE">0</attscale><attrdef Sync="TRUE">Area of feature in internal units squared.</attrdef><attrdefs Sync="TRUE">Esri</attrdefs><attrdomv><udom Sync="TRUE">Positive real numbers that are automatically generated.</udom></attrdomv></attr><subtype><stname Sync="TRUE">Legalizado</stname><stcode Sync="TRUE">1</stcode><stfield><stfldnm Sync="TRUE">ACTO_ADMINISTRATIVO</stfldnm><stflddd><domname Sync="TRUE">cdom_acto</domname><domdesc Sync="TRUE">Acto administrativo</domdesc><domtype Sync="TRUE">Coded Value</domtype><mrgtype Sync="TRUE">Default value</mrgtype><splttype Sync="TRUE">Default value</splttype><domowner Sync="TRUE"></domowner><domfldtp Sync="TRUE">String</domfldtp></stflddd></stfield><stfield><stfldnm Sync="TRUE">RESPONSABLE</stfldnm><stflddd><domname Sync="TRUE">cdom_responsable</domname><domdesc Sync="TRUE">Fuente del dato</domdesc><domtype Sync="TRUE">Coded Value</domtype><mrgtype Sync="TRUE">Default value</mrgtype><splttype Sync="TRUE">Default value</splttype><domowner Sync="TRUE"></domowner><domfldtp Sync="TRUE">String</domfldtp></stflddd></stfield></subtype><attr><attrlabl Sync="TRUE">OBSERVACIO</attrlabl><attalias Sync="TRUE">OBSERVACIO</attalias><attrtype Sync="TRUE">String</attrtype><attwidth Sync="TRUE">254</attwidth><atprecis Sync="TRUE">0</atprecis><attscale Sync="TRUE">0</attscale></attr><subtype><stname Sync="TRUE">Negado</stname><stcode Sync="TRUE">2</stcode><stfield><stfldnm Sync="TRUE">ACTO_ADMINISTRATIVO</stfldnm><stflddd><domname Sync="TRUE">cdom_acto</domname><domdesc Sync="TRUE">Acto administrativo</domdesc><domtype Sync="TRUE">Coded Value</domtype><mrgtype Sync="TRUE">Default value</mrgtype><splttype Sync="TRUE">Default value</splttype><domowner Sync="TRUE"></domowner><domfldtp Sync="TRUE">String</domfldtp></stflddd></stfield><stfield><stfldnm Sync="TRUE">RESPONSABLE</stfldnm><stflddd><domname Sync="TRUE">cdom_responsable</domname><domdesc Sync="TRUE">Fuente del dato</domdesc><domtype Sync="TRUE">Coded Value</domtype><mrgtype Sync="TRUE">Default value</mrgtype><splttype Sync="TRUE">Default value</splttype><domowner Sync="TRUE"></domowner><domfldtp Sync="TRUE">String</domfldtp></stflddd></stfield></subtype><attr><attrlabl Sync="TRUE">CODIGO_LOC</attrlabl><attalias Sync="TRUE">CODIGO_LOC</attalias><attrtype Sync="TRUE">String</attrtype><attwidth Sync="TRUE">10</attwidth><atprecis Sync="TRUE">0</atprecis><attscale Sync="TRUE">0</attscale></attr><attr><attrlabl Sync="TRUE">REGLAMENTA</attrlabl><attalias Sync="TRUE">REGLAMENTA</attalias><attrtype Sync="TRUE">String</attrtype><attwidth Sync="TRUE">20</attwidth><atprecis Sync="TRUE">0</atprecis><attscale Sync="TRUE">0</attscale></attr><attr><attrlabl Sync="TRUE">ESCALA_CAP</attrlabl><attalias Sync="TRUE">ESCALA_CAP</attalias><attrtype Sync="TRUE">String</attrtype><attwidth Sync="TRUE">10</attwidth><atprecis Sync="TRUE">0</atprecis><attscale Sync="TRUE">0</attscale></attr><attr><attrlabl Sync="TRUE">FECHA_CAPT</attrlabl><attalias Sync="TRUE">FECHA_CAPT</attalias><attrtype Sync="TRUE">Date</attrtype><attwidth Sync="TRUE">8</attwidth><atprecis Sync="TRUE">0</atprecis><attscale Sync="TRUE">0</attscale></attr><attr><attrlabl Sync="TRUE">RESPONSABL</attrlabl><attalias Sync="TRUE">RESPONSABL</attalias><attrtype Sync="TRUE">String</attrtype><attwidth Sync="TRUE">4</attwidth><atprecis Sync="TRUE">0</atprecis><attscale Sync="TRUE">0</attscale></attr><subtype><stname Sync="TRUE">Regularizado</stname><stcode Sync="TRUE">6</stcode><stfield><stfldnm Sync="TRUE">ACTO_ADMINISTRATIVO</stfldnm><stflddd><domname Sync="TRUE">cdom_acto</domname><domdesc Sync="TRUE">Acto administrativo</domdesc><domtype Sync="TRUE">Coded Value</domtype><mrgtype Sync="TRUE">Default value</mrgtype><splttype Sync="TRUE">Default value</splttype><domowner Sync="TRUE"></domowner><domfldtp Sync="TRUE">String</domfldtp></stflddd></stfield><stfield><stfldnm Sync="TRUE">RESPONSABLE</stfldnm><stflddd><domname Sync="TRUE">cdom_responsable</domname><domdesc Sync="TRUE">Fuente del dato</domdesc><domtype Sync="TRUE">Coded Value</domtype><mrgtype Sync="TRUE">Default value</mrgtype><splttype Sync="TRUE">Default value</splttype><domowner Sync="TRUE"></domowner><domfldtp Sync="TRUE">String</domfldtp></stflddd></stfield></subtype><attr><attrlabl Sync="TRUE">Shape_Leng</attrlabl><attalias Sync="TRUE">Shape_Leng</attalias><attrtype Sync="TRUE">Double</attrtype><attwidth Sync="TRUE">19</attwidth><atprecis Sync="TRUE">0</atprecis><attscale Sync="TRUE">0</attscale></attr><subtype><stname Sync="TRUE">Área en Estudio</stname><stcode Sync="TRUE">8</stcode><stfield><stfldnm Sync="TRUE">ACTO_ADMINISTRATIVO</stfldnm><stflddd><domname Sync="TRUE">cdom_acto</domname><domdesc Sync="TRUE">Acto administrativo</domdesc><domtype Sync="TRUE">Coded Value</domtype><mrgtype Sync="TRUE">Default value</mrgtype><splttype Sync="TRUE">Default value</splttype><domowner Sync="TRUE"></domowner><domfldtp Sync="TRUE">String</domfldtp></stflddd></stfield><stfield><stfldnm Sync="TRUE">RESPONSABLE</stfldnm><stflddd><domname Sync="TRUE">cdom_responsable</domname><domdesc Sync="TRUE">Fuente del dato</domdesc><domtype Sync="TRUE">Coded Value</domtype><mrgtype Sync="TRUE">Default value</mrgtype><splttype Sync="TRUE">Default value</splttype><domowner Sync="TRUE"></domowner><domfldtp Sync="TRUE">String</domfldtp></stflddd></stfield></subtype></detailed></eainfo><mdDateSt Sync="TRUE">20240507</mdDateSt></metadata>
